model,mae_mwh,rmse_mwh,smape_pct
hist_gradient_boosting,14306.15663304357,18982.944427469727,2.127835484767632
seasonal_naive_7d,32012.07073214286,41840.192641990114,4.641353872969161
