interval,target_coverage,observed_coverage,radius_mwh,mean_width_mwh
p80,0.8,0.7150684931506849,15428.584504741535,30857.16900948307
p95,0.95,0.9424657534246575,29534.8296646644,59069.6593293288
